text,Loneliness,Love and Affection,Social Recognition,Self esteem and Belonging,Others,Intensity
大切なペットが亡くなってしまったことがあります。長年一緒に生活してきたパートナーのような存在であり、家族として愛されていたペットがいなくなるという現実に直面することは、非常につらいものでした。,True,1.0,,,,STRONG
昔の悲しい出来事を夢で見て、当時の事が思い出されて悲しさが蘇ってきた。,False,,,,,
外出して食事をするにもお金が無く、好きなものを食べられなく悲しい,False,,,,,
0か月近く前に、家の中で転んで頭部を床に直撃して以来、めまいや頭痛で体調がずっと悪くとても悲しい。,False,,,,,
政治家が自分たちの利権しか考えておらず、悲しい。,False,,,,,
歯槽膿漏で歯が一本抜けてしまった,False,,,,,
旅行先でいろいろ食べたかったのにパンパンで食べられなかった,False,,,,,
貸し農園で栽培していた極早生の玉ねぎが バカ見たいに大収穫ができた,False,,,,,
派遣の仕事に応募したら、0回連続で不採用になったことがとても悲しいです。,False,,,,,
言葉が通じないなと思うと悲しい。,False,,,,,
自動車の燃料計、速度計の針が全く動作しなくなった。,False,,,,,
可愛がっていたペットに死なれたことです。,True,1.0,,,,WEAK
年齢加算ごとに体力が落ちていく,False,,,,,
父に無意味に怒鳴られたこと,True,1.0,,,,WEAK
娘が嘘をついて旅行を計画していたこと,False,,,,,
母親が私を無視するようになった,True,1.0,,,,WEAK
休みなのに風邪をひいて悲しかった,False,,,,,
gwどこも外出しなかった,False,,,,,
高齢者の自動車事故による若者の死亡,False,,,,,
希望日に病院の予約が取れない,False,,,,,
友人が地方へ転勤になり、一緒に飲みに行けなくなってしまったこと。,True,1.0,,,,WEAK
家族がいなくなり一人暮らしになってしまったことです。,True,1.0,,,,WEAK
子どもに話をするとうるさいと言われた。,True,1.0,,,,WEAK
仕事のストレスから家族に当たることが多くなり申し訳なく悲しい気持ちになります。,False,,,,,
買い物がうまくいかない,False,,,,,
奈良公園の赤ちゃん鹿が、人間が触ったことによって母親から育児放棄されて、孤独に生活していたものの0ヶ月だ亡くなったニュースを読んだ時,False,,,,,
子供から、パパ大嫌いと言われて悲しかった,True,1.0,,,,WEAK
いつもかわいがっていた 近所の地域猫の姿が 0週間ほど見かけなくなった,True,1.0,,,,WEAK
有名人、著名人、個人的にファンだった方の死去。,True,1.0,,,,WEAK
昔は少しダイエットをすれば体重はすぐ減ったのに全然減らなくて悲しい,False,,,,,
日本における投票率が下がっていて悲しい,False,,,,,
実家の柴犬が死んでしまった,True,1.0,,,,WEAK
梅の木の花が咲かなかったので悲しい,False,,,,,
知人がガンにかかり、余命0年と宣告されたこと。,True,1.0,,,,WEAK
長らく付き合いがあって、仲良くしていた友人が、冠動脈置換手術によって、弱ってしまって出かけられなくなった。,True,1.0,,,,WEAK
好きな舞台の公演チケットが取れない。,False,,,,,
ゴールデンウィークが終わってしまった,False,,,,,
自販機の下に小銭を落として行方不明になった。,False,,,,,
体脂肪がなかなか減らない,False,,,,,
言葉を尽くしてもなかなか気持ちが伝わらなくて悲しかった。,True,,,1.0,,WEAK
ヤフオクで落札出来なかった,False,,,,,
友人に飲み会誘ってもらえなかった,True,1.0,,1.0,,WEAK
lineのパスワードを入力してなくて、間違ってアンインストールしてしまい、復活できなかった。ラインポイント0円分パアッになった。,False,,,,,
足を痛めて動けなくなったこと,False,,,,,
オークションで想定した金額で落札できなかった,False,,,,,
0年間飼っていた愛犬が他界,True,1.0,,,,WEAK
自転車がパンクしてしまった,False,,,,,
子供の体調が悪く、検査をしたら入院することになり、心配で悲しいです。,False,,,,,
大好きなラベンダーを手に入れ毎日世話をしていたが、ふとした拍子に綺麗に咲いている花の茎を折ってしまい、それが分かった瞬間悲しくなった。,False,,,,,
0年前に父が0歳で亡くなった。,True,1.0,,,,WEAK
楽しい場所が無くなった,False,,,,,
 父がなくなったことです。いろいろな思い出を残してくれたので、もう四十九日は過ぎましたが、しばらく頭の整理ができませんでした。まだ近くいる気がします。,True,1.0,,,,STRONG
新しく購入した傘を無くした,False,,,,,
家族の体調が悪くなったこと,False,,,,,
孫が遊びにきたのは良いが、ミニカーで遊んでいて液晶テレビの画面にぶつけて割ってしまい、修理見積をしてもらうと0万円ぐらいだと言われた,False,,,,,
ニンテンドー0dsのeshop閉鎖,False,,,,,
職場での人間関係の悪化,True,,1.0,1.0,,WEAK
飼っていてペットが亡くなったこと,True,1.0,,,,WEAK
子供が離乳食を食べてくれない,False,,,,,
能登半島で大きな地震か発生したこと,False,,,,,
自分自身の評価があまり良くなくて悲しい。,True,,,1.0,,WEAK
最近、駅前のダイソーに行ったとき店内をグルグル回り上の階に行こうと思って階段を上ろうとした時全く意図せず突然おでこから会談の淵に倒れてぶつかってしまいこぶができ痛みが一週間ほど取れず何の前触れもなく突然このようなことになりショックで悲しくなった。,False,,,,,
また競馬で負けてしまった,False,,,,,
長年使ってきた鞄が壊れた。,False,,,,,
飼っていた猫が闘病の末に亡くなった,True,1.0,,,,WEAK
じてんしゃでころんでけがをしたことです。,False,,,,,
今年就職0年目の子供に家に月々お金をいれることを話した。しぶしぶ納得してくれたが、もう家出ようかな...と言われむなしいような、寂しいような気持ちになった。,True,1.0,,,,WEAK
大好きな人から君は大嫌いな人と一緒だねと言われたこと,True,1.0,,,,WEAK
離れて暮らしている息子がいるが、全然電話にでてくれない。,True,1.0,,,,WEAK
長年飼っていた犬が亡くなった。,True,1.0,,,,WEAK
不動産投資で焦げ付いた,False,,,,,
飼っていたペットが死んだ,True,1.0,,,,WEAK
「舞いあがれ!」の放送が終わった,False,,,,,
ニュースで生まれたての子供が捨てられたのを耳にして。,False,,,,,
車に身に覚えのないキズができていた。,False,,,,,
親しい人が若くして亡くなった言葉,True,1.0,,,,WEAK
入社当時お世話になった方が、最近、定年退職されたこと。,True,1.0,,,,WEAK
職場の同僚からの恫喝や伝えたい事が伝わらない事,True,,,1.0,,WEAK
鼻毛が出ていることに気づかなかった,False,,,,,
ちょっと太っただけだと思っていたが、パンツが履けなくなるぐらい太ったことに気づいたときに、もう悲しいと思った。,False,,,,,
両親が年老いていくのが悲しかった。,False,,,,,
愛用しているカバンが、壊れた,False,,,,,
他界した父が夢に出てきて最期まで母がお見舞いに来なかったことを口に出していた。夢とはいえとても辛かった,False,,,,,
エスコンフィールドがアクセス悪くて悲しい,False,,,,,
以前に比べて何をしても疲れやすくなってきた。,False,,,,,
連休中何もなくて悲しかった,False,,,,,
お気に入りの財布のボタンが壊れてしまって使いづらくなっているので悲しいです。,False,,,,,
娘が口を聞いてくれない。,True,1.0,,,,WEAK
宴会で飲み過ぎタクシー帰宅したところまで、おぼえているが翌朝、寒くて目がさめたとき、台所で寝ていた。妻の扱いに悲しい思いをした。,False,,,,,
ゴールデンウイーク連休の最中、能登半島で発生した大きな地震のニュースを目にしてとても大きな衝撃を受けた。被災された方を思うと悲しい。,False,,,,,
人間関係がうまくいかない,True,,,1.0,,WEAK
石川県で地震が発生した。高校時代の同級生が住んでいるのですが、連絡先が分からない。,False,,,,,
ゴールデンウイーク中、友達や親戚から連絡なく、外出しなかった。,True,1.0,,,,WEAK
娘が学校のグループラインで「しね」と書かれたと言って涙を流していた。,False,,,,,
だんだん知り合いがなくなってる,True,1.0,,,,WEAK
娘が入籍したがお祝いをしてあげらていない,False,,,,,
家族の意志疎通が上手くいかない,True,,,1.0,,WEAK
大型連休中に難関の資格試験勉強を予定していましたが、誘惑に負けて、酒とvシネマ三昧の日々を送ってしまい公開を気持ちです。,False,,,,,
まだ0歳だがイケてると思っていたのに、頭髪が薄くなってきたと言われたとき。,False,,,,,
知り合いが亡くなったとき,True,1.0,,,,WEAK
むかしから見ていた人気ストリーマーが若くして亡くなった,True,1.0,,,,WEAK
gw中に子供と巨人戦を観戦しにいったが、巨人が負けてしまったこと。,False,,,,,
友達の飼っていた猫が死んだ,True,1.0,,,,WEAK
ゲーム機の裏蓋が壊れた。,False,,,,,
人生を共にしてきた先輩と些細なことで仲たがいして、音信沸あになったこと。,True,1.0,,,,WEAK
入院していた父が突然亡くなった。,True,1.0,,,,WEAK
大事に育てていた牡丹の花が咲く前に虫に食われて折れていたことです,False,,,,,
0年前の病気(心臓病)によりコロナ禍で、普通の人より自粛をしいられたこと,False,,,,,
半年前、帯状疱疹にかかりすぐに治療したが神経痛が残り、今もつらい思いをしてる。,False,,,,,
0年超勤務した会社が倒産し、その後未だに定職に就けず困っている,False,,,,,
妻が私に内緒で借金をし、支払えなくなって家出した時は本当に悲しかった。,True,1.0,,,,STRONG
最近、車をぶつけてしまった,False,,,,,
月に0万の国民年金しか収入のない親が高額な施設に入ろうとしている,False,,,,,
しょうもないことに因縁をつけられてしまい、非常に悲しい,False,,,,,
人生の折り返しについて話す機会があった時に、折り返しどころかもう終活じゃん、と気づいたこと。,False,,,,,
手間ひまかけて作った映えケーキを運ぶときに床に落とされぐちゃぐちゃになり悲しい。,False,,,,,
風邪をひいてしまいたいへんな思いをしました,False,,,,,
収入が少ないことを責められる,False,,,,,
スマホを落として、画面にヒビが入りました。,False,,,,,
車を洗車した次の日大雨だった,False,,,,,
一人暮らしの伯母と連絡が取れなかったので、心配していたところ、家の中で転倒したらしく、骨折をしていた。気づいた親戚の人が病院に連れていきそのまま入院してしまったが、病院の規則で逢える人が制限されており、御見舞いへ行く事が難しい状況になってしまった。高齢なので、この先どうなるかとても悲しい気持ちで心配している,False,,,,,
好きな人のプレゼントが買いそこねた,False,,,,,
親しい人がなくなって、悲しい,True,1.0,,,,WEAK
好きな芸能人が亡くなって悲しい,True,1.0,,,,WEAK
転職に踏み切れないこと,False,,,,,
災害で沢山人が亡くなった事です。,False,,,,,
親戚が亡くなったこと。,True,1.0,,,,WEAK
ロシア・ウクライナ戦争の収拾の目処が立たない。,False,,,,,
足の裏が突然痛くなり、痛風が心配である。,False,,,,,
知り合いの家の犬が死んでしまった,True,1.0,,,,WEAK
ロシアとウクライナ戦争が未だ終わらず悲しい,False,,,,,
散々尽くしてきたのにその思いが伝わらないこと,True,,1.0,,,WEAK
私が言いふらしていないことをあたかも私がが言っているようにされていること。,True,,1.0,,,WEAK
〇歳なんだからできるでしょって言われたこと,True,1.0,,,,WEAK
朝から頭痛がしていて、思うように動くことが出来なかったこと,False,,,,,
あまり親孝行もできないうちに、父親がなくなったこと。,True,1.0,,,,WEAK
不要な買い物をして、無駄金を使ってしまった。,False,,,,,
久々に娘のバスケットの試合を見に行ったら、0点ゲームされた。,False,,,,,
ヤフークラウドドソーシングにまともなタスクが一向に掲載されない,False,,,,,
正しいことをしても理解されていないことがあり、何とかしたいがなんともならない悩み。,False,,,,,
鬱病の次女が私には泣いているところを見せたくないと、頼ってくれなかったこと,True,1.0,,,,WEAK
両親に理解してもらえない,True,1.0,,,,WEAK
数年前までは結構な頻度でオンラインでの連絡を取っていた友人がいたが、最近連絡を取れなくなったので近い人に確認したところ現在所在が全く分からなくなっていることを知り悲しくなった。,True,1.0,1.0,,,WEAK
仕事の関係で、父母の死に目にあえなかった。,True,1.0,1.0,,,WEAK
笑福亭笑瓶さんが亡くなった,True,1.0,,,,WEAK
一歳年下の大学時代からの親友の病死,True,1.0,,,,WEAK
先日0年もの間、一緒に暮らしていた飼猫が亡くなった。,True,1.0,,,,WEAK
急に食事に誘われて、行けないと断ったら、その後冷たくされた。,True,,1.0,,,WEAK
なかなかゴールド免許になれないまま、また免許更新がやってきた。,False,,,,,
元部下であった。年上の退職者が退職して半年たたないうちになくなってしまった。,True,1.0,,,,WEAK
チケットを購入した試合が雨天中止となった。,False,,,,,
0年間飼っていたペットが亡くなったこと。,True,1.0,,,,WEAK
コンタクトレンズを無くしてしまったこと,False,,,,,
gwに地震で亡くなった方がいること。,False,,,,,
娘の飼っているうさぎを連休中だけ預かっていて情がうつってしまい別れの時が悲しかった,True,1.0,,,,WEAK
背中に矢の刺さった猫が見つかったというニュース,False,,,,,
お世話になった知人が肩の手術をきっかけに配置転換となり、逢えなくなってしまった事。,True,1.0,,,,WEAK
コロナ禍で、厳重な医療体制故、祖母が亡くなる前にまともに面会することが出来ず、最後の死に目にもまともに会うことが出来なかったにもかかわらず、周囲の人間がその当時の医療や政治に非協力であったり、意固地であったり、誤った情報に釣られながらも、足を引っ張りながらも生きていることの世の中の理不尽さ,False,,,,,
お気に入りのお皿を割ってしまった,False,,,,,
職場での出来事です。中間職の上司が、部下の誤りを注意したことがキッカケとなり、誤解が誤解を生み、上位職がやむなくその部下を辞職させたことです。私も別部署の管理職として提言したのですが、既にその誤解が会社全体に広まっていたため、上位職も誤解と判っていたが辞めさせる他なかったことです。,False,,,,,
クオカードを落としてしまった,False,,,,,
応援しているチームが優勝できなかったこと,False,,,,,
悲しいことは最近、経験していない。,False,,,,,
ずっと欲しいと思っていた商品が買えなかった。,False,,,,,
gw期間中何もすることがなくて悲しくなった。,False,,,,,
長年飼っていた熱帯魚が死んでしまった。小さな生き物だけどやっぱり悲しい。,True,1.0,,,,WEAK
せっかっくかわかした 洗濯物が、通り雨でびしょぬれ,False,,,,,
毎月食事に行っていた友人が家庭の事情により行けなくなった,True,1.0,,,,WEAK
ロシアによるウクライナへの侵略戦争の報道に接したこと。,False,,,,,
テロみたいな事件がおきた,False,,,,,
ダイエットを頑張っているのに、なかなか結果が出なくて悲しいです。,False,,,,,
地元の総会でまともな提案をしたのに、翌日になってイヤな先輩が、あのようなことは言わないのがルールであり、マナーであるとの訳の分からない言い掛りを付けてきたこと。,False,,,,,
よく家に遊びに来る猫ちゃんを撫でまわしていたら急に噛みつかれたこと,True,1.0,,,,WEAK
ウクライナの民間の人達が可哀そうで、悲しいです,False,,,,,
出費を抑えるため、安く購入できる店を探して、車で行ことすると、なんでと言われます。,False,,,,,
若い頃より体重が増えて悲しい。,False,,,,,
abc-zの塚本遼一さんの活動休止,True,1.0,,,,WEAK
ファミレスでオーダーを間違えられてしまったこと,False,,,,,
色々な店が倒産して悲しい,False,,,,,
来年のお正月、自分は親戚の集まりに参加したくないと思うと悲しくなった。,False,,,,,
実家が引っ越しをしたときに、自分の荷物を勝手に捨てられてしまって悲しかった。,False,,,,,
ゴールデンウィークも花粉が大飛散していて外出出来ず悲しい。,False,,,,,
スマホが橋の下の川に落ちていった。,False,,,,,
折りたたみ日傘の骨が折れた,False,,,,,
長年使ってた筆記具ひ無くした,False,,,,,
youtubeのお気に入りの猫ちゃんが亡くなってしまった,True,1.0,,,,WEAK
ライブにいく予定だったのに骨折をしてしまい、あきらめた。,False,,,,,
妻が、ガンにかかった。,False,,,,,
近隣の家の屋根の上に一つだけ洗濯物が取り残されていました。暗くなったのに、そのままです。あまり付き合いのないお宅でしたが、思い切って電話で連絡しました。数日後に顔を合わせる機会があり、ご夫婦に改めてお礼を言われました。,False,,,,,
巨人が0連敗して悲しい。,False,,,,,
昨年0代の叔母がこの世をさりました。足腰は弱ったものの健康そのものでしたが、食後に食べたお菓子を誤嚥し、あっという間の出来事でした。,True,1.0,,,,WEAK
実家の猫が亡くなった、それ以上に母親が辛そうだったのが悲しい,True,1.0,,,,WEAK
悲しいこともたくさんありました,False,,,,,
ひと月前に種まきしたキュウリの苗が、昨日の暴風雨でぽきっと折れてしまったこと。,False,,,,,
今年に入って、ymoのメンバーの高橋幸宏、坂本龍一がなくなってとても悲しい気持ちでいる。,True,1.0,,,,WEAK
実母の認知症が進行し、わたしのことがわからなくなってきたこと。,True,1.0,,,,WEAK
gwでお金がたくさん出て行って悲しい,False,,,,,
スロットで0日、0万円ものマイナスが・・・,False,,,,,
せっかく移植したオオヤマレンゲが咲かない,False,,,,,
外出先でスマホのバッテリーがなくなった,False,,,,,
ウーバーワールドというグループのライブでチケット販売後に男性はアリーナ席で女性は0階席に配置されて女性ファンが悲しんでいるニュースを見てひどいグループだなと悲しくなった。,False,,,,,
夏休みが終わってしまった,False,,,,,
クーポンが使えなかった,False,,,,,
久しぶりに飼い始めた犬が思った以上におりこうさんで、いろんなことを身構えていたのでうれしいことです。,False,,,,,
父の命日に父を思い出してとても悲しくなりました。,True,1.0,,,,STRONG
親が亡くなったとき、やっぱ悲しかった。,True,1.0,,,,WEAK
フリマ出品者が自身に非があるにも関わらず、お互い言い分はあるでしょうが、などと分けのわからないことを言い、返送時の送料も巧みな手を使ってこちら持ちにするという、腹が立ったというより、嗚呼こんな人が居るのかとなんだかすごく悲しかった。,False,,,,,
好きだったアーティストがなくなった,True,1.0,,,,WEAK
クラウドソーシングで、応募したかったタスクの締め切りがはやくて応募できなかったこと,False,,,,,
足腰が弱くなり、以前行けていたような場所までたどり着けず、悲嘆に暮れている。,False,,,,,
台風被害で犠牲になった方,False,,,,,
悲しいニュースはみんな,False,,,,,
以前の会社の部下が0歳にして突然死した,True,1.0,,,,WEAK
仕事中、在庫かなかった,False,,,,,
職場で仕事の成果物が上司に理解されず悲しかった。,True,,,1.0,,WEAK
楽しみにしていた花火大会が中止になった,False,,,,,
毎日毎日、近隣住民が嫌がらせの石を投げてくる。いると思われる部屋に向かって投げてきて、憂鬱で悲しい。,False,,,,,
台風の影響で旅行が中止になった,False,,,,,
うちのコになって0年の愛猫が亡くなってしまった。とてつもなく悲しい。,True,1.0,,,,STRONG
最近はではないが、一昨年0年間可愛がっていた愛犬が亡くなりました。,True,1.0,,,,WEAK
慢性膵炎になり大好きだった飲酒ができなくなり非常に悲しい。,False,,,,,
戦争を知る人間が減ってしまい、ベビーブーム世代の愚行が増えてアナログに引っ張られるなど余計な負担が増えた。,False,,,,,
親から理不尽に怒鳴られたこと。,True,1.0,,,,WEAK
食生活に気をつけていたのに体重が増えてる。,False,,,,,
気に入っていたメガネが壊れてしまった。販売終了しており再度購入も出来なかった。,False,,,,,
美味しくて気に入っていたお菓子が生産中止になってしまったこと。,False,,,,,
毎日孤独であり、鬱状態で過ごしているのが悲しいです。,True,,,,1.0,STRONG
大谷翔平選手がトレードで放出されずにエンゼルスに残留したこと,False,,,,,
人の心がどんどん冷たくなって行っていること。,False,,,,,
塗ったばかりのネイルが、ドアにぶつけて剥げてしまった。,False,,,,,
仕事の中身が変わってしまい、メンバーも変更になってしまったこと。,False,,,,,
欲しかった限定ケーキがデパートで売り切れていた,False,,,,,
老いた母が施設に入っているがコロナ対策で面会とか制限されている。,False,,,,,
スーパーで擦れ違った見知らぬ人の柔軟剤の臭いが強くて具合が悪くなった。,False,,,,,
孫に会えない。仕事が忙しく、なかなか孫に会う時間が作れない。,True,1.0,,,,WEAK
同居している。0代の母と嫁が喧嘩した。,False,,,,,
マウイ島が火事で燃えてしまったこと,False,,,,,
子犬から育てていたペットが突然体調崩して死んだ,True,1.0,,,,WEAK
よく見かけたノラネコを最近見ない,False,,,,,
仕事関係の先輩が亡くなった,True,1.0,,,,WEAK
ポイントが大量失効した。,False,,,,,
ロシア‐ウクライナ戦争,False,,,,,
田舎だと人のうわさになること,False,,,,,
飼っていたインコがしんで悲しい,True,1.0,,,,WEAK
買ったばかりのものが壊れた,False,,,,,
母のボケが進行中であること、何を言ってるのかわからない。,False,,,,,
同級生が次々と癌になったり体調を崩して亡くなっていく。,True,1.0,,,,WEAK
喉の炎症で二週間熱があり悲しかった,False,,,,,
息子の就職先内々定が決まったこと,False,,,,,
最近体調を崩して仕事が出来なくなった,True,,,1.0,,WEAK
畑で栽培しているブルーベリーが暑さで変質してしまったことが悲しい,False,,,,,
中学校の時の恩師が亡くなった,True,1.0,,,,WEAK
台風の影響で、最終日の阿波踊りが中止,False,,,,,
私は警備の仕事をしているが、0歳ぐらいの若者が酔っ払って堂々と関係ない施設に侵入して止めても堂々と自分が悪くないと主張することがある。,False,,,,,
自分はかからないと思っていたのに、コロナの陽性になってしまった。,False,,,,,
台風で天気が悪くて悲しい,False,,,,,
実の父が急に亡くなった,True,1.0,,,,WEAK
高校時代のクラスメイトが自殺したこと。,True,1.0,,,,WEAK
体調が良くならないこと。,False,,,,,
義理の父が、最近うつ状態になっている。病気がきっかけになっているらしいが、自分も含め老いについて考えると悲しくなってくる。,False,,,,,
父親、叔父が近い年月で亡くなった事,True,1.0,,,,WEAK
ガンバ大阪の無敗が0試合でストップ,False,,,,,
父ががんで亡くなったこと,True,1.0,,,,WEAK
娘を昼食に誘ったが断わられた,True,1.0,,1.0,,WEAK
0円どこかに忘れたみたいでそれを思い出せなくて悲しい,False,,,,,
幼い時に飼っていた犬に死なれてしまったこと。,True,1.0,,,,WEAK
息子が水温計異常ランプが赤くついてるのに、0ヶ月前に車検受けてるし大丈夫と走った結果、車を廃車にするしかありませんでした。車検費無駄になり車購入費用まで凄い出費になりました,False,,,,,
台風や大雨で亡くなった人がいる,False,,,,,
日本のロック界をけん引していたギタリスト白田一秀さんが亡くなった事。,True,1.0,,,,WEAK
日々様々な出来事が起きて色々な報道され話題となるが、ニュースの方向性が報道する側の偏った考え方で伝えられたり、一方向の意見を有利に伝えるような表現の仕方を行ったりする政治色を高めたメディアやマスコミが多くて、この国を本当に良くしたいといった議論が展開されないことが人間の争いの本当の姿を見るようで非常に悲しく思う,False,,,,,
パートナーに会えないこと,True,1.0,,,,WEAK
飼っていた犬が亡くなったこと,True,1.0,,,,WEAK
逆ギレされましたあまりにもしつこく言ってくるので、押し付けはだめだよといったら,False,,,,,
しょうがをすってたら、指まですったこと,False,,,,,
アルコール依存症で、入院した。,False,,,,,
病気がなかなか治らないこと,False,,,,,
大好きな仔ライオンの移動が決まったこと。,True,1.0,,,,WEAK
妻と些細なことで言い合いになってしまった,True,1.0,,,,WEAK
先日見たニュースで、散歩中の犬が車に撥ねられ、死んでしまった事故がありました。写真を見ると、ウチの飼い犬とよく似ていたので、他人事には思えず、たいへん悲しい気持ちになりました。因みに、犬を撥ねた車はそのまま逃げ去ったと聞いて更に悲しくなりました。,False,,,,,
パチスロに負けてかなしい,False,,,,,
ガソリン代が上がって悲しい,False,,,,,
投資していた金額が減った。,False,,,,,
愛犬の幼なじみの犬が亡くなったこと。,True,1.0,,,,WEAK
近所のに絡まれて不眠気味になった,False,,,,,
立て続けに観た戦争映画,False,,,,,
物価が高くて買い物行くと、品物が高くて買えない,False,,,,,
岸田氏が国民の声を全く聴かず、ざっぱざっぱと海外にお金をばらまいている,False,,,,,
自転車でぶつかられた。,False,,,,,
髪のボリュームが減っていくこと,False,,,,,
親の意見と自分の意見が合わない,True,1.0,,1.0,,WEAK
買い物をした際、他の店で同じものが0円安く売られているのを見たこと,False,,,,,
母親が亡くなったこと。,True,1.0,,,,WEAK
0歳の時、母親が女性特有のがんと持病の糖尿病の合併症により多臓器不全で亡くなった。,True,1.0,,,,WEAK
友人が事故で死んだこと,True,1.0,,,,WEAK
家庭菜園のかぼちゃが盗まれて悲しかったです。,False,,,,,
重病を患っている妻が何事もないように振る舞っている姿を見るとたまらなく悲しい,False,,,,,
近所の親しくしていた人が亡くなりました。,True,1.0,,,,WEAK
うっかりしていて、財布をなくした。,False,,,,,
水難事故をニュースで知った,False,,,,,
愛猫が浣腸をしないと便が出なくなって何度も病院に連れて行って可哀そうな思いをさせたこと,False,,,,,
友人の死亡、一人暮らしだったそうだが、心臓発作で亡くなった。,True,1.0,,,,WEAK
財布を落としてしまったこと。,False,,,,,
世界中で災害が起きていること,False,,,,,
0年近く自分の趣味の物を保管していた部屋がゴキブリが繁殖し、保存していた箱などに糞がこびりついて、紙類だと完全に落とせないため、最初から殺虫剤や忌避剤を設置すればと後悔しつつ、惨状に悲しい,False,,,,,
夏の賞与が少なく夏休みに子どもたちを何処にも連れていけなくて悲しかった。,False,,,,,
初対面の女性に弄ばれた,False,,,,,
地元のサッカーチーム「浦和レッズ」が天皇杯の名古屋戦で不甲斐ない配膳を喫し、相手サポの挑発に乗って暴力事件を起こしたこと。,False,,,,,
女子サッカーワールドカップにおいて日本チームが準々決勝で敗退したこと,False,,,,,
買っていたペットが最近亡くなったのがとても悲しい。,True,1.0,,,,WEAK
嫁が生活費をゲームに使い込んだ,False,,,,,
好きな飲食店がコロナ禍のせいか、何軒か閉店したこと...,False,,,,,
ハワイのマウイ島で起きた山火事による被害映像を見て、悲しくなりました。,False,,,,,
旭川の中学生のニュースを見た時,False,,,,,
祖母の老化が一気に進んでるようで、会うたびに心配になること。,False,,,,,
姪に贈り物と手紙を送ったのに、未だに返事がない。,True,1.0,,,,WEAK
天気予報では雨が振らない予想だったのに、出かけたら雨が降ってきた。,False,,,,,
エアコンの冷房が効かなくて今年の夏は最悪だ,False,,,,,
家族が重い病気になった,False,,,,,
愛用していた自転車のフレームが亀裂が入って再起不能になった,False,,,,,
現場に嫌な人がいるので 悲しい,False,,,,,
最近父方の叔父が亡くなりました。病気により数年前に両足を切断し、義足を付けていました。とても親身になってくれる叔父だったのでとても悲しい思いをしました。,True,1.0,,,,STRONG
クラウドソーシングのタスクが激減した,False,,,,,
職場の部下が、自分は仕事に向いていないと泣いていたこと,False,,,,,
ポイントキャンペーンのキーワードを入れ忘れたこと,False,,,,,
母親が入院してしまったこと,False,,,,,
話題の映画を観に行ったが余りおもしろいところも無く少し悲しさを感じた,False,,,,,
退去時の保証金返金が少なかった。,False,,,,,
知り合いの方が少し認知機能が衰えてきている,False,,,,,
旅行中、その国の人が冷たかった。,True,,,1.0,,WEAK
お盆の時期ということもあって、ツイッターで帰省とかの話をよく見ていたが。もう帰省先が無いことは悲しかった,True,1.0,,,,WEAK
会社の新人が急に辞めた,False,,,,,
父親が自宅で息を引き取ったとき,True,1.0,,,,WEAK
駅にタクシーが一台もいなかった。,False,,,,,
何をやってもうまく行かない,False,,,,,
会社の人に悪口を言われた,True,,,1.0,,WEAK
年老いた父親の記憶力低下がひどくなってきた,False,,,,,
カップ焼きそばの湯切りをしていると麺が全て汚いシンクに落ちる,False,,,,,
大きな蜘蛛が食い散らかしたセミの死骸を片付けなくてはならなかった。,False,,,,,
自分よりも若い仕事仲間が孤独死していた。,True,1.0,,,,WEAK
資格取得のための学校に通っていますが、なかなか成績が伸びず悲しいです。,False,,,,,
飼っている犬が死亡した,True,1.0,,,,WEAK
阪神タイガースが逆転負けして悲しい,False,,,,,
最近、子供達が育って外出が増えた,True,1.0,,,,WEAK
好きだった漫画家が若くして闘病0ヶ月で急逝した,True,1.0,,,,WEAK
新しく着替えた服をすぐに汚してしまったこと。,False,,,,,
今年春、職場で、同じ部の先輩からパワハラを受けた。,False,,,,,
韓国ドラマを見て悲しくてやりきれなくなった。,False,,,,,
児童虐待や動物虐待のニュース。,False,,,,,
ご近所のおじいちゃまが急逝されたこと,True,1.0,,,,WEAK
買ったスマホ機器が使えなかった,False,,,,,
お酒は弱いが好きなので、ビールを飲んだら、普段はビールを飲まないせいか、お腹を壊して大変なことになり、年齢の成果と思うと悲しくなった。,False,,,,,
コンサートのファンクラブに落選した。,False,,,,,
子どもから臭いと言われたことはかなり悲しい出来事だった。,False,,,,,
クラウドソーシングがタスク掲載を改悪して悲しい。,False,,,,,
父が突然亡くなり、それを教えられたのはずいぶん時間が足ってからで、死に目に会えなかったこと,True,1.0,1.0,,,WEAK
お世話に鳴った、叔父と叔母が立て続けに亡くなった,True,1.0,,,,WEAK
子どもの水難事故のニュースが相次いでいる。小学生の女の子三人が水遊びで溺れ命をなくすなど悲しい。また、中学生の女の子が帰宅中に熱中症で亡くなる。悲しいニュースが相次いでいる。,False,,,,,
先月転職した職場が最悪だった,False,,,,,
先日緊急搬送され入院昔を思いだした,False,,,,,
大好きだったyoutubeの猫ちゃんが闘病の末に亡くなってしまった。,True,1.0,,,,WEAK
なじみあった土地を離れることとなった,True,,,1.0,,WEAK
バイクの鍵をなくしてしまって悲しい,False,,,,,
冷蔵庫に入れていたはんぺんが、期限が切れて、食べられなかった,False,,,,,
ツバメの雛の成長を楽しみにしていたのだが、カラスに食べられてしまったようで、いなくなってしまったことが、悲しかった。,True,1.0,,,,WEAK
グランドソーシングの課題を見逃して、paypay ポイントを逃してしまった時の悲しさは他に例えることはできない,False,,,,,
実家の猫が胸水という病気で亡くなってしまった事。享年0歳。,True,1.0,,,,WEAK
子供達と最近連絡が絶えている,True,1.0,,,,WEAK
田舎の母と兄が同時期入院したこと。,False,,,,,
夏休みなのに仕事が忙しくて休めない,False,,,,,
ものごとの忘れた妻にも注意される,False,,,,,
最近、膝が痛くて悲しい。,False,,,,,
実家で飼っていた猫がなくなった。,True,1.0,,,,WEAK
現在求職中。不採用が続くと私自身が否定されているようで悲しくなります。,True,,,1.0,,WEAK
先週学生時代の恩師であった先生が他界されました。学生時代に、丁寧にご指導頂いて下さった先生で、ゼミの後も不yランクに学生たちと一緒に食事をしながら話し合ってくれた先生だったので、卒業後も何かの時に連絡を取ってお付き合いをさせて頂いておりましたせんでしたので、本当に悲しいことでした。,True,1.0,,,,STRONG
推しのチームが大連敗したこと,False,,,,,
台風がきて、大切に育てていた家庭菜園の野菜が、根腐れでたくさんだめになってしまった事。,False,,,,,
自分のお気に入りのサーフボードが壊れてヒビが入った,False,,,,,
大事に育てていたひまわりが台風で茎ごと折れてしまった。,False,,,,,
毎週末楽しみにしている晩酌が仕事の都合で出来なかった,False,,,,,
外国人の店員に頑張って用件を伝えたがだめだった,False,,,,,
長い間付き合いがあった親戚と疎遠になってしまった,True,1.0,,,,WEAK
上司や同僚に 上手く思いが伝わらない,True,,,1.0,,WEAK
元気だった父親が入院した,False,,,,,
おばあさんが転んで体を痛めていた,False,,,,,
タブレットスタンドの購入で少々高くても日本の中小企業応援でポチッたが届いたらmade inchinaやった,False,,,,,
仲の良かった妹が0年前に癌で他界した。その前年、親友が誤飲性肺炎で他界した。どちらも0歳であった。,True,1.0,,,,WEAK
飼っていて愛情をかけて育てたペットが死んだとき,True,1.0,,,,WEAK
特売0日目に行ったら商品が初日で売り切れてた。,False,,,,,
fxの話になるが自動売買をしていて全く稼げないうちに朝起きたら強制ロスカットになっておりお金が0円になっていた。数十万を一瞬で失ったことがショックで何もする気が起きない。今もそんな状態。,False,,,,,
親戚のおじさんが亡くなった,True,1.0,,,,WEAK
反抗期の子供があまり話を聞いてくれないので会話にならず小さいときの素直さを思い出しては悲しくなる。,True,1.0,1.0,1.0,,WEAK
野良猫が毎回自分を覚えてくれないことが悲しい,True,1.0,,,,WEAK
昨年叔父が亡くなったこと。,True,1.0,,,,WEAK
買おうと思ってお気に入り登録していた商品が値上がりしてしまって悲しい。,False,,,,,
とても逮捕されたことが悲しくて,False,,,,,
再就職がなかなか決まらない。,False,,,,,
お付き合いしている彼女から手紙をもらったが、内容的にはとても嬉しかったが誤字などが多かった,False,,,,,
0月に仕事をやめたことです。,False,,,,,
母が父との暮らしで我慢を強いられていたと知ったこと,False,,,,,
娘の旦那が仕事で、花火大会にこれず悲しい,False,,,,,
花火大会が台風で中止になった,False,,,,,
仕事を急にキャンセルされた,False,,,,,
サッカーの試合で負けた,False,,,,,
休日出勤があって悲しい,False,,,,,
近所の川にいるカモの羽に釣り糸が絡んでいた。人間は何と勝手で利己的なのかと悲しくなった。,False,,,,,
週末の予定がキャンセルになった,False,,,,,
今年、0才の母が亡くなりました。年も年だし、覚悟はしてましたが、悲しくて、辛くて、涙が止まりませんでした。でも、日が経つにつれて、自分ももう0才だし、母との別れも、そんなに長いもんじゃない。その内行くから、父と兄と0人で待っててねと、思う日々です。,True,1.0,,,,STRONG
仕事上で割り当てられる仕事に自分だけ進展がないこと,True,,1.0,,,WEAK
父親が老いて、認知度が始まったっぽい。,False,,,,,
行きたかったライブのチケットが取れなかった。,False,,,,,
仕事関係の方が体調不良だと聞いていたが不幸にもなくなった事,True,1.0,,,,WEAK
順番待ちを守らない人です,False,,,,,
飼い犬が死んでしまった。,True,1.0,,,,WEAK
最近悲しいニュースが多い。,False,,,,,
運転中に自損事故を起こしたこと,False,,,,,
成人した息子と連絡が取れない,True,1.0,,,,WEAK
親が亡くなったことです,True,1.0,,,,WEAK
台風で甲子園の応援に間に合わなかったった吹奏楽部,False,,,,,
お盆休みの帰省で父の墓前に手を合わせた時、父のことを思い出して。,True,1.0,,,,WEAK
老化のせいで物覚えがわるくなり、先日車のキーが見つからず、0日さがしまくった。,False,,,,,
パニック障害で完治不明で障害等級0級になる,False,,,,,
ご近所のお婆さんが亡くなった,True,1.0,,,,WEAK
好きな劇団の舞台が、また中止になった。,False,,,,,
電力会社の「節電チャレンジ」が達成できなくて悲しいです。,False,,,,,
上司のパワハラで、うつ病を発症して、0年、心も身体もボロボロになって、全てを失いました。悲しいです。,True,,1.0,1.0,,STRONG
義理実家に行って、義理姉とうまくいかなかった,True,,,1.0,,WEAK
郵便局で不審者扱いされた事,True,,,1.0,,WEAK
仕事の枠が取れなくて悲しい,False,,,,,
いいことがないから、悲しい,False,,,,,
株が下がりすぎで悲しい,False,,,,,
嫁が子供たちを連れて実家に帰省したこと。,True,,1.0,,,WEAK
お昼を食べに行ったら店がものすごく混んでいて入店をあきらめた。お目当てのものが食べられなかった。,False,,,,,
人の気持ちのわからない人に会って悲しかった,False,,,,,
孫が親の転勤で遠くへ引っ越した。,True,1.0,,,,WEAK
何か人から嫌われる感覚がある,True,,,1.0,,WEAK
歯医者との意志疎通ができず泣き寝入りしてしまった。少し前なら徹底的に文句を、いっていたと思うがそれだけの活力もなく、情けないというか悲しい,False,,,,,
入院した夫が退院した日に亡くなった,True,1.0,,,,WEAK
嫁さんと口喧嘩をしたこと。,True,1.0,,,,WEAK
祖父が闘病の末亡くなったこと。,True,1.0,,,,WEAK
ウクライナ情勢で子供達に被害がでていること,False,,,,,
感覚過敏は生まれつきだった,False,,,,,
ハワイマウイ島の山火事,False,,,,,
ネット上に投稿した作品に反応がないこと,True,,1.0,1.0,,WEAK
休みの人のかわりに仕事を引き継いでいたのに、その人と比較された。〇〇さんはさっさとやってくれるよ、というようなこと。,True,,1.0,1.0,,WEAK
コロナ禍の中、遠くに住む大学生だった息子が家に帰って来たいと切望していたにもかかわらず、長距離の移動をせずに一人暮らしのマンションに自粛するように言って、精神的に辛い思いをさせてしまった。,False,,,,,
クラウドソーシングのタスクを一分おきに出すと言う訳のわからない事をしだした時,False,,,,,
なでしこジャパンが負けてしまった。,False,,,,,
友人にプレゼントしたパクチーの種が発芽しなかった,False,,,,,
家族に理不尽なことばかり言われ続けているのが毎日続いたこと,True,1.0,,,,WEAK
台風により友達と会う予定がなくなったこと,True,1.0,,,,WEAK
連絡の取れなくなった人がいること,True,1.0,,,,WEAK
人に話しかけても無視されたので悲しい,True,1.0,,,,WEAK
小さい頃から可愛がってくれていた叔母が亡くなった,True,1.0,,,,WEAK
最も親しい友人が癌で亡くなった,True,1.0,,,,STRONG
中日ドラゴンズが試合で負けた。,False,,,,,
信用していた人が信用できなくなったこと,True,1.0,,,,WEAK
陰部にできものができて痛い,False,,,,,
友達と連絡が取れなくなった,True,1.0,,,,WEAK
岸田さんが核廃絶に否定的な事,False,,,,,
利益がでず、ボーナスが出なかった,False,,,,,
子供達に死ねと言われた。,True,1.0,,,,WEAK
0年飼っているネコにせがまれたので撫でていたらいきなり手を噛まれて血が出た。,True,1.0,,,,WEAK
仲の良かった知人が亡くなった。,True,1.0,,,,WEAK
応援していた方が亡くなったことです。,True,1.0,,,,WEAK
台風被害 実害はなかったのですが 悲しい出来事です,False,,,,,
お盆休みに出かけることもなく仕事していること,False,,,,,
以前、ペットとして犬を飼っていました。雑種でしたが子犬の時からです。最後は老衰状態になっていて自分だけでは歩けなくなっていました。冬の寒い時に雪が降っていましたが、いったん雪がかからないところに移してやったのですが、なぜか動いて雪にかかりながら死んでしまいました。とても悲しい思い出です。,True,1.0,,,,STRONG
親戚の叔母が亡くなった。,True,1.0,,,,WEAK
礼真琴さんが休演することになってしまったこと,True,1.0,,,,WEAK
姉が母の面倒を見るのはお金次第だと宣言した,False,,,,,
連れ合いとはここ数年別居生活をしており、0人の子供たちはそれぞれ結婚、独立と家を出ています。唯一の同居人であるワンちゃんと二人で平温無事に何とか生活していたところ、ごく最近そのペットが不慮の事故で急死してしまいました。世の中にはよくある話ですが、人が落ち込んでいるときに声かけしてやろうという気持ちがないわが子供たちにはなんかこころ寂しいものを感じてしまいました。,True,1.0,,,,STRONG
坂本龍一さんが死去した事,True,1.0,,,,WEAK
好きなこに振られて悲しい。,True,1.0,,,,WEAK
欲しかったものが買えなかった。,False,,,,,
お盆は何処にもでかけなかった,False,,,,,
高校時代の同級生が急死したこと,True,1.0,,,,WEAK
大事に大事にしていたメガネに傷が付いた,False,,,,,
子供が同級生にバイ菌と言われ、悲しんでいる姿を見て切なくなった。,False,,,,,
認知症の母が色々忘れていくことが悲しい。,False,,,,,
可愛がっていた猫がいなくなった,True,1.0,,,,WEAK
高校野球で応援していた大垣日大が逆転負けしてしまったこと,False,,,,,
コロナ感染で家族に迷惑を掛けた,False,,,,,
天気が悪く洗濯物をためて息子に今日持って行きたかったと言われたこと,False,,,,,
お気に入りのマグカップが割れてしまったこと。,False,,,,,
彼氏が好きかどうか分からなくなった。,False,,,,,
私は映画が好きで、しょっちゅう映画館に行っているのですが、この間映画館で見た作品にとても悲しく思いました。その映画はドキュメンタリーなのですが、その映画で写されている人たちが、今まで自分がまったく考えたことのないような危機に陥っており、なんだか自分の悩みなんてちっぽけだなと思ってしまいました。映画をみると私はいつも、自分の立ち位置を確認するような思いです。,False,,,,,
録画がされていなかった,False,,,,,
母が長年やっていたお店をたたむことになったこと,False,,,,,
知り合いのひとがなくなって悲しかった,True,1.0,,,,WEAK
仕事がうまくいかなかった。,True,,1.0,,,WEAK
咳が止まらなくて夜寝れなくて悲しい,False,,,,,
母に体調不良を心配されなかった,True,1.0,,,,WEAK
サッカーワールドカップで女子がスウェーデンに負けたこと,False,,,,,
クラウドソーシングのタスク掲載時間が時間差小出しに仕様変更されて悲しい,False,,,,,
更年期症状がひどくて、何もできなくて悲しい。,False,,,,,
母が玄関で転んで、肋骨にひびが入った。,False,,,,,
仕事が見つからずストレスやイライラする,False,,,,,
前の会社の社長からパワハラを、受けて毎日悲しかった。,True,,1.0,,,STRONG
台風0号により、自宅近くでも浸水等の被害があり、悲しい。,False,,,,,
必死で単位を落とさないように、アルバイトや娯楽を捨てて大学の勉強をしてきて、現在理系0年生で就活も研究も落ち着いてきた夏休み、あこがれのチェーン店のアルバイトしようと面接にいったら大学0年生は、すぐやめるからと言って落とされた。結局、文系はずっと暇でずるいなと思った悲しい出来事,False,,,,,
職場の正社員の人がリストラにあった。,False,,,,,
私より一つ下のいとこが亡くなった。,True,1.0,,,,WEAK
自販機で飲み物を買おうと思ったら、小銭をドブの穴に落としてしまった。,False,,,,,
日帰り旅行に行きましたが、体調不良でほとんど楽しめませんでした。,False,,,,,
自転車が修理不能で廃車になった事,False,,,,,
台風の影響で近くに雷が落ちて、近所の山の木が半分に折れて倒れていたのを見て驚きました。,False,,,,,
嫁の母が危篤状態になったこと,True,1.0,,,,WEAK
父方の祖父を亡くした。,True,1.0,,,,WEAK
子供との夏休み予定がキャンセルになった,False,,,,,
この一週間、息子のtwitterが更新されず心配していること,False,,,,,
子供がコロナに感染した。,False,,,,,
日航機墜落事故から0年,False,,,,,
友だちと会う予定だったが、友だちがコロナになってしまい延期になってしまった。,True,1.0,,,,WEAK
課題の期限がおわってた,False,,,,,
人との繋がり、そのうち・・・では遅い。年齢的にも先方が故人になっている場合もあります。伝えたい事、連絡などは、ワンチャンスと思って、かならず実践しなければ、永遠の夢となってしまいます。0歳の大学の恩師に、「0年前、某氏をプロジェクトに紹介したのは私です」と伝えたら、「長年の謎が、やっと解けた。君だったのか。感謝する。大学の全員が知りたがっていた謎だった」には驚きました。,False,,,,,
予定していたことが、雨で中止となった。,False,,,,,
理想の自分になれないこと。,False,,,,,
0年間使用したエコバッグが壊れてしまった。0年という短期間で壊れてしまって悲しい。,False,,,,,
自分たちは残業をしてもお金になるが、仕事で聞いてないことばかりでお金にならない残業をかなりさせられるが、お金にならない残業をするのが当たり前だと思われていること。,False,,,,,
今年の春に前職で一緒だった先輩か亡くなった,True,1.0,,,,WEAK
お気に入りの商品が実店舗から消えてしまったこと,False,,,,,
災害が各地で起きていること,False,,,,,
友人に嘘をつかれ裏切られた,True,1.0,,,,WEAK
ペットのハムスターが闘病の末亡くなった。,True,1.0,,,,WEAK
スーパーへ焼肉に準備で買い物へ行ったが、希望の牛肉が売り切れていた。,False,,,,,
ミュージカルのチケットが外れた,False,,,,,
ゴルフで大叩きしたこと,False,,,,,
0歳以降身体の疲れが取れにくく疲れやすいと感じるようになりました。階段を歩くと膝も少し痛くて、湿布や痛み止め薬が手放せません。同じく腰痛がひどくなり、座っていると痺れて痛みが続くためすごく悩んでいます。,False,,,,,
ニュース報道の偏見のある報道の仕方が悲しい。,False,,,,,
約束してたのにドタキャンされた,True,1.0,,,,WEAK
想像していたものと違うとき,False,,,,,
日本政府が豪雨禍の被災地にろくな援助をせず、ハワイの山火事被害にはただちに我々の税金を拠出すること,False,,,,,
通院していた病院の先生が健康を理由に引退されたこと,True,1.0,,,,WEAK
paypayカードを作りたいのですが、職場の電話番号を入力できないため、paypayカードを作れませんでした。フリーランスの方は、職場の電話番号はそもそもないので、なんでこんな仕組みなのか悲しかったです。,False,,,,,
切ない映画をみて、感傷に浸った。,False,,,,,
水を床一面にひっくり返してしまった,False,,,,,
予定していた沖縄旅行がたいふうで中止になった。,False,,,,,
盆休みの後半に久々に友人と会う約束をしておりとても楽しみにしていたが、台風の影響でキャンセルとなった。,True,1.0,,,,WEAK
うどんを作っていたら誤って胡椒を大量に振りかけてしまった。,False,,,,,
知人が殺されたり、家族や友人と大喧嘩する夢を見て私はとても悲しい気持ちになった。,False,,,,,
スマホの画面にヒビが入った事,False,,,,,
仕事上自営業をしており0年ぐらいの付き合いで仲良く仕事を貰ってた業者さんに0万円踏んだおされました。その業者は夜逃げしてしまい弁護士に相談したら勉強代だと思って諦めた方が良いと言われました。本当に人間不信になります。,True,1.0,,,,STRONG
ラグビーワールドカップで、山中選手が選出されなかったこと,False,,,,,
大切な人が亡くなったこと,True,1.0,,,,WEAK
大好きな公演のチケットを手に入れ、ワクワクして当日を待っていた。しかし、当日になってイベントは台風のため中止となり、長い間楽しみにしていたはずの時間が一瞬で消えてしまった。,False,,,,,
再婚してから、住む所も変わり友人達と疎遠になってしまった事。,True,1.0,,,,WEAK
楽しいお盆休みに孫たち一家が来て、アッと言う間に帰る日になってしまい悲しい気持ちでいっぱいになった。遠く離れて住んでいると帰る時になると毎回そんな気持ちになる。,True,1.0,,,,WEAK
母と父の死。甥と義理の妹の死。,True,1.0,,,,WEAK
前回買って気に入った室内着をオンラインで再度購入したのですがちゃんとチェックしてなかったのか値段と色、サイズばかり気にしてて肝心の生地が違うものを購入してしまってました返品も可能とのことですが送料や各種手続きも面倒なので泣く泣く諦めました,False,,,,,
全国高校野球選手権が開催されているが、自分の出身高校が0回戦で敗退してしまいとても悲しい,False,,,,,
勤務先の環境により、うつ病になってしまったのに、組織としての対応に失望した。,True,,1.0,,,WEAK
洗濯槽がカビだらけで悲しい,False,,,,,
高校野球で母校が地区予選の0回戦で負けたので悲しいです。,False,,,,,
なないさんが亡くなった。,True,1.0,,,,WEAK
親戚のおじさんが今月亡くなってしまった事,True,1.0,,,,WEAK
為替トレードで損失を出した,False,,,,,
収入に対して支出の割合が増えてきた,False,,,,,
と言うゲームを始めたのだが、何をやるにしても暴力的な解決しかよういされておらず、対話が一切ないという殺伐とした世界観で悲しいと思った。,False,,,,,
ようやく入ったラッシュを駆け抜けたseed,False,,,,,
離れて暮らしていた父親が入院していたが、連絡を受けて病院に行った時には亡くなっていて、死に目に会えなかった。,True,1.0,,,,WEAK
飼っていた鳥を学校の鳥籠に寄付したら、他の鳥にいじめられて可哀想でした。,False,,,,,
体調が悪くなり、治療や食事等妻に迷惑をかけてしまった,False,,,,,
パートの仕事時間が減らされて、悲しい,False,,,,,
支払いだけに追われる生活で食べ物さえ買えない。,False,,,,,
会社で閑職に追いやられて半年ほど経つが、回復の目処は全く見えない。,True,,1.0,,,STRONG
ガソリンスタンドでタイヤ交換をしたら整備不良で走行中にタイヤがはずれしんでもおかしくない事故にあったのにガソリンスタンドは非を認めるところか私をクレーマーあつかいした。,False,,,,,
親を施設に入れることになった,True,1.0,,,,WEAK
良い年をした息子なのですが、とにかくだらしなくて困ってます,False,,,,,
昔からの知り合いで仕事仲間でもある友人を事故で亡くした。,True,1.0,,,,WEAK
0年共に生きた愛犬の死,True,1.0,,,,WEAK
台風で旅行をキャンセルした,False,,,,,
大切な友達が亡くなった。,True,1.0,,,,STRONG
0月0日、広島から東京の新幹線がかなり遅れた。,False,,,,,
台風0号であちこちに被害があった,False,,,,,
人間ドックの結果が思わしくなかったこと,False,,,,,
買ったばかりの新車に傷がついていた。,False,,,,,
母が余命宣告されたこと,False,,,,,
同年代で年収がこんなにも違うのか,False,,,,,
友人がsnsのアカウントを変えたのに私にだけそのアカウントを教えてくれなかった,True,1.0,,,,WEAK
娘家族内でクラスター発生,False,,,,,
息子の誕生日を一緒に祝えなかったこと,False,,,,,
上司にサボるための道具にされた,False,,,,,
うつ病が再発し、休んでいる。職場に迷惑をかけている。,True,,,1.0,,WEAK
友人の誘いを受けられないことが悲しい,True,1.0,,,,WEAK
会えるはずだった人がコロナにかかってしまって、会うのがちょっと延期になってしまったこと,True,1.0,,,,WEAK
自分の不注意で愛用していたスマホが壊れた,False,,,,,
夫のボーナスが下がった,False,,,,,
家にあった大事な食器を落として壊してしまったこと,False,,,,,
0人目の孫の学校生まれたが、病院では同居の家族しか面会ができないので会えなくて悲しかった。,True,1.0,,,,WEAK
春から種から育て始めたトマトとヒマワリが、今年の酷暑のせいか上手く育たなくてトマトは実が付かず、ヒマワリは咲かない状態で諦めて処分した事。,False,,,,,
マンションに住んでいて、私は臭いを出していないし感じていないのに、私の部屋をピンポイントで名指しして 私の部屋から悪臭がすると管理会社を通して匿名でクレームがありました。ご近所さんに聞いてもクレームを言っていないことを確認しています。クレームの後、ずーと体調が悪いです。,False,,,,,
長年使用していたメガネが壊れた,False,,,,,
簡単だと思った試験でcをとった,False,,,,,
妻が亡くなり、さらに友人、先輩と親しい人が続けて亡くなった,True,1.0,,,,STRONG
今年度から、嫌な部署に配属された。,False,,,,,
今年の0月から始まった抗がん剤治療で髪の毛が沢山抜けてしまった。,False,,,,,
明石花火大会歩道橋事故,False,,,,,
物価の高騰で家計が苦しいこと,False,,,,,
医師が過労のため自殺をしたが、使用者は言い訳ばかりで、ほとんど責任を感じていない。残された家族を見ると、悲しい。,False,,,,,
歳の一つ違いのいとこが亡くなった事,True,1.0,,,,WEAK
高校時代の友人が交通事故で無くなってとても悲しいです。,True,1.0,,,,WEAK
自転車が壊れてタイヤが交換になった,False,,,,,
図書館で予約していた本を受け取れなかった,False,,,,,
仕事で今年度の昇格の辞令に名前が入っていなかったこと。,True,,1.0,,,WEAK
好きだったアニメが終了してしまった。,False,,,,,
マットレスを購入したが、不良品で、交換となり、手配されるまで連絡をお待ちくださいと、だが一向に連絡がないから連絡すると、忘れられてた、怒りを通り越して、悲しい。,False,,,,,
洗車して次の日の朝見たら黄砂で真っ白だった。,False,,,,,
以前から継続的に買っていたお菓子の容量が減ってしまっている事に気づいて悲しかった。,False,,,,,
0日かけてパソコンにデータを入力後、保存せずにファイルを閉じてしまった。0日が失われてた。悲しい。,False,,,,,
先日言ったゴルフで0以上のスコアになってしまったのは大変悲しい出来事でした,False,,,,,
釣りに行ったけれど、ほとんど釣れなかった。,False,,,,,
治療しても毎日歯を磨いていてもしばらくするとすぐ虫歯になってしまう,False,,,,,
家を建て替える予定で住宅展示場にいき、各ハウスメーカーの営業と接したが、各自必死でとてもその表情が印象的だった,False,,,,,
ゴールデンウィークにどこへも出かけなかった。,False,,,,,
冬の間毎日家に来ていた渡り鳥のツグミが、春になったので北へ帰ってしまった。仕方ないことだと思いつつも、日々パンをあげるのを楽しみにしていたので、心にぽっかりと穴が開いたようで寂しく悲しい。,True,1.0,,,,WEAK
健康診断で蛋白質不足と診断されたこと,False,,,,,
北陸の地震で人が亡くなったこと,False,,,,,
飼っていたインコが、年なのか朝死んでいた時。,True,1.0,,,,WEAK
長年付き合ってきた友人が認知症を発症、今まで通りの付き合いができなくなった。,True,1.0,,,,WEAK
記録的な大雨でbsが映らなくなった,False,,,,,
戦争が終わらない、死者が多く出ている。日本はgwとかいって浮かれている。とてもそんな気にはならない,False,,,,,
子どもに話しかけられても無視された,True,1.0,,,,WEAK
今月、父親が亡くなって悲しい,True,1.0,,,,WEAK
親や親と同世代の知人などが、死へ近づいていると思うと切なく寂しく悲しい気持ちになる。,True,1.0,,,,WEAK
天然記念物の宮崎県の馬が当て逃げでびっこをひいて歩いているのをニュースで見た,False,,,,,
夫の扶養に入れなかったこと。,False,,,,,
戦争が続き犠牲者の情報が流れるたびに悲しい気持ちになる,False,,,,,
小さい頃からずっと親しくしていた親戚が、交通事故で亡くなって、悲しかった。,True,1.0,,,,WEAK
田舎の親友が膵臓癌で亡くなってしまい、とても悲しいです。,True,1.0,,,,WEAK
他人の気持ちより、自身の立場を考えて行動する隣人の有様。,False,,,,,
弁当が美味しくなかった,False,,,,,
0月連休で子供達が帰省し、楽しい時をすごしたが、帰ると夫婦0人になり、又盆休みまでかと思うと悲しくなる。,True,1.0,,,,WEAK
長い間介護状態にあり、施設で暮らしていた父が亡くなりました。最期は家で看取りたかった。,True,1.0,,,,WEAK
元請けが変わって年収がガタ落ちしているのが悲しい。,False,,,,,
同じdvdを買ってしまった,False,,,,,
ゴールデンウィークの途中に体調を崩して悲しい,False,,,,,
三才と一才の孫と久しぶりに会ったがなかなか遊ぶ時間がとれなかった。,False,,,,,
欲しいものが買えなかった,False,,,,,
父が隠れて禁止されているお酒を飲んでいた,False,,,,,
テレビでよく見てた芸能人が亡くなった,True,1.0,,,,WEAK
主人の膀胱癌再発のおそれ,False,,,,,
引っ越し先の裏に騒音主が引っ越してきた,False,,,,,
子供がもしかしたら障害を持つことになるかもしれない,False,,,,,
映画を見に行ってとなりの人が騒がしくて悲しい,False,,,,,
野良猫に鉄の吹き矢を撃った人がいるというニュースを見たこと,False,,,,,
パチンコに連敗で悲しい,False,,,,,
夫に自分を認めて貰えず、悲しい思いをした。,False,,,,,
お向かいのお父さんが病気になったこと,False,,,,,
知り合いから裏切られてしまい、人を信じられなくなりそうです,True,1.0,,,,WEAK
子供の頃から知っている著名人の訃報があった,True,1.0,,,,WEAK
競馬の予想が外れ悲しい,False,,,,,
夫の裏切り 不倫が発覚しました,True,1.0,,,,WEAK
ゴールデンウイーク中、どこにも行かなかったので悲しかった。,False,,,,,
エンジェルスが大量失点で負けて悲しい。,False,,,,,
震度0弱の地震が北陸で発生し、運悪くハシゴに乗っていた方が亡くなられなこと。,False,,,,,
なんといっても父親との別れでした。今でも忘れる事はできないしこれからもずっと忘れないと思います。,True,1.0,,,,WEAK
野球の応援しているチームが、負けている。,False,,,,,
よく庭に遊びに来ていてよくなれていた野良猫が最近ぱったりと来なくなってしまったこと。,True,1.0,,,,WEAK
子供の新生活にかかる出費で貯金を崩した。,False,,,,,
ベイスターズ対ヤクルト0点差リードからの逆転サヨナラホームラン負け,False,,,,,
浦和レッズの優勝がまったく報道されない,False,,,,,
東京で行われたイベントに行きたかったが行けなかった,False,,,,,
スーパーで買い物したが商品が痛んでいた。,False,,,,,
息子から帰省の連絡がなかった,True,1.0,,,,WEAK
飼っていた猫が死んでしまったこと。,True,1.0,,,,WEAK
よそったお味噌汁をこぼして悲しい。,False,,,,,
世界ではまだ戦争が続いている,False,,,,,
娘が離婚するかも知れなくなった。,False,,,,,
強い風が吹いて庭先の花が散ってしまって悲しい,False,,,,,
長年使ってきた食器が破損した,False,,,,,
子供が帰省したが帰っていった,True,1.0,,,,WEAK
財布を落としてしまった,False,,,,,
財布を落としてしまった,False,,,,,
楽しみにしている漫画連載が最終回となることを知った時,False,,,,,
実母が脊柱菅狭窄症なんですが、0ヶ月前から症状がよくなっていたが、昨日からまた痛くなって悲しいです。,False,,,,,
生きている意味を見出せない,False,,,,,
ライフステージがかわり、友達が減っていくこと,True,,,1.0,,WEAK
食べようと思っていたケーキが、既に食べられていたこと,False,,,,,
気力が 続かず 気分が落ち込んでいる,False,,,,,
gwどこにも行けなかった,False,,,,,
ロシアとウクライナの戦争で、ロシアが白リンを使った焼夷弾を使用というニュースを見た。,False,,,,,
gwの最終日に一日中雨が降った,False,,,,,
ゴールデンウィークが終わってしまって悲しい。,False,,,,,
かなしいこと、いままでにある嫌がることを妻にやらないようにたのんでいるのにいつまでったっても変わってくれない,True,,1.0,,,WEAK
体の不調が気になるところがあって悲しい,False,,,,,
大切にしていたものに傷をつけてしまった,False,,,,,
子供が部活で怪我をした,False,,,,,
キャリアを積んでこなかった為に、自分の子供位の人間にこき使われている事。,True,,,1.0,,WEAK
ロシアとウクライナの戦争の記事,False,,,,,
親友とお世話になった知人がコロナで亡くなり、喪中はがきが届いた。,True,1.0,,,,WEAK
お仕事の依頼がコロナで減って悲しかった,False,,,,,
ペットのうさぎが思っていたより早く死んだ,True,1.0,,,,WEAK
フリマで買った商品が残念だった,False,,,,,
昨年母が亡くなりとてもショックでした,True,1.0,,,,STRONG
お気に入りのお皿を割った,False,,,,,
どこに行くでもなくgwが終わってしまったこと,False,,,,,
ゴールデンウィークに久しぶりにドライブしたら、警察に止められた,False,,,,,
実家の父がメダカをたくさん育てているので、私も何匹かもらってきました。夏の暑い日のこと、水槽の水が汚れていたのでキレイにし、ピカピカにしてメダカ達も気持ち良さそうだったのですが、まだ水道水のカルキが抜けきっていないのが心配で、買い物に行っている間だけ日光の当たる所にメダカの鉢を出しておきました。しかしその日は記録的な猛暑日。帰宅して目撃したのは水面に程よく茹で上がってシラスのようになったメダカ達。玄関先で膝から崩れ落ち、しばらくそこから動けませんでした。,False,,,,,
人気のスコーンのお店に買いに行ったら売り切れていました。,False,,,,,
ロシアのウクライナ侵攻,False,,,,,
可愛がっていたペットが亡くなったこと,True,1.0,,,,WEAK
お金も無いことからゴールデンウィークに子供達を何処にも連れていってあげれず不甲斐なかった。,False,,,,,
高校時代の友人が心筋梗塞で亡くなったこと,True,1.0,,,,WEAK
ネットオークションで競り負けた,False,,,,,
昔から知っている芸能人の相次ぐ訃報,True,1.0,,,,WEAK
お気に入りのお菓子が販売終了になった,False,,,,,
会社を事実上クビになった。,False,,,,,
飼い犬が、亡くなった。,True,1.0,,,,WEAK
ひどいことを言われ、傷ついた,True,1.0,,,,WEAK
外が暑くて、日課のウォーキングできなくなってきた。,False,,,,,
強風と雨が吹き付けるときに外出しなくてはならず、傘を必死で持っていたら、傘が折れたこと。,False,,,,,
地震のニュースの被害報道,False,,,,,
久しぶりに祖母に会いに行ったら認知症が少し進行していた,True,1.0,,,,WEAK
実家の空き家を売りに出すために親の遺品を整理しているが、生前の思い出が思い起こされて、もういないと思うとが悲しいです。,True,1.0,,,,WEAK
諸般の事情で転勤をさせられた事,True,,1.0,,,WEAK
最近母が認知症と思われる行動を頻発していること。,True,1.0,,,,WEAK
生前中、迷惑ばかりかけていた母親が他界してしまった。何にも親孝行出来なかった。,True,1.0,,,,WEAK
失恋してしまったときや家族を亡くしてしまったとき,True,1.0,,,,WEAK
物価高で生活必需品にまで及び、家計を圧迫している。,False,,,,,
義理の父が亡くなったこと,True,1.0,,,,WEAK
雨で大切なポスターが濡れてしまった,False,,,,,
保険屋が手続きを進めてくれない,False,,,,,
ゴールデンウィークが終わって悲しい,False,,,,,
育てていた家庭菜園の野菜が害虫に食われてしまったこと,False,,,,,
ついこの間、同級生がなくなった,True,1.0,,,,WEAK
これまで親と休日を過ごすことが多かった娘が、最近は彼氏を優先するようになり、外出が増えたことが悲しい。,True,1.0,,,,WEAK
娘がラインに返信してこない,True,1.0,,,,WEAK
母が圧迫骨折して、入院したこと。(しかし、順調にリハビリ回復中❗),False,,,,,
最近ヤフークラウドソーシングのタスクが少なくて悲しい,False,,,,,
孫が発熱してゴールデンウィーク中ずっと療養だった。,False,,,,,
飼い猫が病気で入院してしまったこと。,True,1.0,,,,WEAK
一年かけて減らした体重がたった三か月で元に戻って悲しい,False,,,,,
娘になかなか子どもができず、人工受精したが、うまくいかなかった。,False,,,,,
冤罪で懲戒解雇処分を受けたこと,True,,1.0,,,WEAK
石川県の地震で大きな被害が発生した。,False,,,,,
まいたパキポディウムの種が発芽しなかった,False,,,,,
夕飯のメニューを悩んで考えて、買い物が終わった時に家族に今日はご飯はいらないといれ悲しかった。,False,,,,,
猫がお亡くなりになったこと。,True,1.0,,,,WEAK
知らないところで噂話が広まっていた,True,,1.0,,,WEAK
サヨナラホームランで負けたこと,False,,,,,
知り合いが事故にあった,False,,,,,
猫が急に病気になって入院した,True,1.0,,,,WEAK
パートの面接に受からなかった。,True,,1.0,,,WEAK
毎日ウクライナのニュースを見ると悲しい,False,,,,,
最近、0人兄弟の兄0人が相次いで亡くなり悲しかった。,True,1.0,,,,WEAK
長年可愛がっていたペットが亡くなりました。亡くなり直前まで元気にしていたました。たまたま外出があり帰宅したところ眠るように亡くなっていました。とても懐いてくれ、愛嬌たっぷりでしたので亡くなってしばらくはショックで頭から離れませんでしたし、ふと思い出すと涙が溢れてきました。本当に悲しかったです。,True,1.0,,,,STRONG
仕事帰りに買い物に寄ったが、エコバックを忘れていた。,False,,,,,
オンラインゲームでサービス終了,False,,,,,
祖母がわがままになってきた,True,1.0,,,,WEAK
誤って撮影した画像データを削除した,False,,,,,
友達がコロナにかかり会えなくなった。,True,1.0,,,,WEAK
物を落として携帯電話の画面が割れてしまったこと,False,,,,,
病と戦っていた父が病に敗れたこと,True,1.0,,,,WEAK
他界した両親が自分にかけた金額を知り、やるせなくなった,True,1.0,,,,WEAK
昨年の夏、最愛の母が亡くなって心にポカンと穴があき当分なにもするきがしなかった。最近、少しずつ色んなことを直視できるようになった。,True,1.0,,,,STRONG
イライラして辛くあたる,False,,,,,
妻の母親が亡くなって妻同様に悲しみに暮れている。初めて妻の実家に泊まったときによくもてなしをしていただいたことが忘れられない。0歳で天寿を全うしたと思うが。これで私には親は居なくなってしまった。,True,1.0,,,,STRONG
ネットショッピングで欲しかった物の在庫がなかったこと,False,,,,,
ウクライナで戦争が始まって、息子の留学が中止になった。,False,,,,,
ムツゴロウさんがお亡くなりになった事。,True,1.0,,,,WEAK
飼っていた金魚が死んでしまった。。。,True,1.0,,,,WEAK
とても大きな不安があります。,False,,,,,
昨年一昨年と続いて両親が亡くなった。コロナ禍で面会もできず寂しい思いをさせたと思うと悲しい。,False,,,,,
息子が大学に行かなくなりひきこもり状態になった。,False,,,,,
両親の老いを感じたとき,True,1.0,,,,WEAK
せっかく旅行に行ったのに、人が多すぎて、観光地に行くことをあきらめたことです。,False,,,,,
子供が最近反抗期に差し掛かっている。,False,,,,,
応援している歌手が引退してしまったこと。,True,1.0,,,,WEAK
自分勝手な社会になって悲しい,False,,,,,
治ったと思っていた手荒れが再燃してきてまた痛みを感じはじめたので悲しくなった。,False,,,,,
労働力不足や外貨獲得で外人頼みの日本。,False,,,,,
就活で内定をもらえなかった,True,,1.0,,,WEAK
おじさんが亡くなられました,True,1.0,,,,WEAK
ポイ活でアンケートを逃してしまった,False,,,,,
離婚して、子供とも離れてしまった。,True,1.0,,,,WEAK
好きなものの人気がでなかった,False,,,,,
gwに遠出する旅行ができなかった。,False,,,,,
同じチームのサポーター同士の争い,False,,,,,
政治が何も機能していないから、毎日人身事故が起こっている。それに対して、賠償しろ! 人の迷惑を考えろ!と罵っている人たちがいる。その人がそこまで追い詰められた思いに至らない人たちの言動が悲しい。,False,,,,,
0歳上の子供のころからの先輩で強気一本やりだった人が肺がんで亡くなってしまったこと。,True,1.0,,,,WEAK
結婚相手からなんの連絡もないし、説明もないし、遠距離恋愛で放置されている。私の事を忘れたのではないか?と感じる,True,1.0,,,,WEAK
最近買ったきゅうりの苗が死んでしまった。,False,,,,,
せっかくの休日なのに一日中雨が降ってお出かけできずに悲しかった。,False,,,,,
ペットがしんでしまった。,True,1.0,,,,WEAK
夫と子供のお食事会に参加させてもらえなかった事,True,1.0,,,,WEAK
役職を退き窓際族の気持ちが分かったとき,True,,,1.0,,WEAK
美味しそうだと思って買った食品が美味しくなかったこと,False,,,,,
在庫数0点の欲しかった物が、売り切れてしまったことです。,False,,,,,
他界してしまった父のことを毎日思い出す。もっと親孝行すればよかったと後悔ばかりで悲しい気持ちになる。,True,1.0,,,,STRONG
ゴールデンウイークに孫たちと楽しく過ごしていたが、あっという間に楽しい時間も過ぎて日常に戻ったのが悲しい,True,1.0,,,,WEAK
学生時代からの友人が0年前から精神的に不安定な状況になっていたと知ったこと,False,,,,,
フリマアプリの売り上げが落ちていること,False,,,,,
視力がだいぶ落ちていて悲しかった。,False,,,,,
親しくしてた常連客が引っ越しのため来店出来なくなった,True,1.0,,,,WEAK
gw中に0万円を超える新品スマートフォンを購入した。gwが明けて同じ商品を見ると、購入時に在庫の無かった色がある上、価格も少し安くなっていた。もう少し待てば良かった。,False,,,,,
足が痛くて友達に会いに行けなかったこと。,False,,,,,
トンネルの交通事故で幼児が亡くなった事,False,,,,,
楽しみにしていた飲み会がキャンセルになった。,False,,,,,
ガチャゲームで爆死したことです。,False,,,,,
居酒屋にお気に入りの時計を忘れてしまいました。取りに戻ったら無くなっていました。悲しいです。,False,,,,,
恋人が 他県にいってしまった,True,1.0,,,,WEAK
上京で地元を離れた身内がいる,True,1.0,,,,WEAK
昨年の0月に会社から一方的に解雇を言い渡された。自分なりに仕事を頑張ってきたつもりだが、納得いく説明もなく謝罪もなくただただ有無をも言わさず辞めさせられて本当に惨めで悲しくなった。,True,,1.0,,,WEAK
足が痛くて旅行に行けなかった,False,,,,,
宗教の人が、しつこい。辞めたくても辞め方の仕方が宗教のホームページに書いてない。,False,,,,,
ロシアがウクライナへ侵攻,False,,,,,
最近になって管理職としての資質に欠けるとの判断を下された。,False,,,,,
ロシア ウクライナ 戦争が終わらない,False,,,,,
フランス映画を観ていたら、エンディングが救われることなく終わってしまって悲しい気持ちのままでした。,False,,,,,
とあるブログの母親と娘さんの闘病期を読んでいると悲しくなります,False,,,,,
いい食材を手に入れたのに、料理の味付けに失敗して悲しくなった,False,,,,,
お気に入りのお茶碗を割ってしまった,False,,,,,
ロシアが戦争をしている,False,,,,,
飲み過ぎ食べ過ぎで太った。,False,,,,,
転勤が多く地元から離れて久しく、幼馴染たちが楽しく集まっていたのを後から聞くのは少し悲しかった,True,,,1.0,,WEAK
昨年三冠王となったヤクルトスワローズ村上宗隆選手がスランプなのが見ていて悲しい。他のwbc選手達が活躍しているのと比べられて余計に悲しくなる,False,,,,,
酷い扱いをうけた歯科医にトラウマがあり歯医者が怖くて行けないと愚痴を言った時に怖いという気持ちを否定されたこと,True,1.0,,,,WEAK
家で自分の意見が全く反映されなくて悲しい,True,,,1.0,,WEAK
子供が熱を出して悲しかった,False,,,,,
大きな口内炎ができて、なかなか治らないこと。,False,,,,,
近所のご主人が亡くなった,True,1.0,,,,WEAK
ゴールデンウィーク中は、特にこれといった思い出もなく過ぎ去ってしまったのが悲しい。,False,,,,,
ケーキを買いに行ったら目の前で売り切れた,False,,,,,
もうすぐ梅雨入りなので悲しい。,False,,,,,
かったばかりのスマホ液晶シートを割ってしまったこと,False,,,,,
熱を出してしまったこと,False,,,,,
長く付き合った彼氏と別れた,True,1.0,,,,WEAK
最近の物価高とそれに半比例して上がらない給料,False,,,,,
食べようと思っていたプリンが、冷蔵庫から無かったとき。,False,,,,,
子供の遊ぶボールが0個とも奪われた,False,,,,,
退職した会社で働いている夢を見た。同僚は活躍していたが、わたしは隅っこでボーといている夢だった。,True,,,1.0,,WEAK
お世話になった方が亡くなりました。,True,1.0,,,,WEAK
ゴールデンウイークに特別な行事がなかったこと,False,,,,,
ずっと見ていたyou tubeの秋田犬が死んでしまった。,True,1.0,,,,WEAK
子供の発熱で、ゴールデンウィークはほとんど外出できなかったこと。,False,,,,,
口内炎が出来て0ヶ月以上治らない,False,,,,,
遠方の両親とテレビ電話をしたとき、親の老いを感じた,False,,,,,
孫が引きこもりの傾向があるとのことで心配です,False,,,,,
大好きだった祖父が0歳でなくなりました。コロナ禍で最期までなかなか会えなかったので、悲しかったです。,True,1.0,,,,WEAK
ウクライナの戦争が終わらないこと,False,,,,,
0を過ぎ体調を崩す事か多く悲しい思いをしている。,False,,,,,
歳の近い従兄弟が急逝した事,True,1.0,,,,WEAK
たまに行く服屋が完全閉店すると言う事で新幹線で仙台に行きショッピングモールを一万歩歩いた。帰った次の日から腰が痛く通院しているが歳を感じて悲しい。,False,,,,,
病気になって仕事も出来ず好きなゴルフも出来ず悲しい,False,,,,,
ゴールデンウィークに夫の実家へ行った時、上の子がばかになったんじゃないかと言われた,False,,,,,
夫が単身赴任になってしまったこと,True,1.0,,,,WEAK
応援しているチームが連敗、大敗した時。,False,,,,,
夫が義母に辛く当たられた,False,,,,,
貯金が突如引き出しから消えた,False,,,,,
何も思い浮かばないほど悲しい事がないです。,False,,,,,
思いを分かってもらえない,False,,,,,
のんびりしに旅行に行ったのに生理になってしまって、一番楽しみにしていた温泉に入れなかったこと。,False,,,,,
今月頭いつも買っている業務用の白ごま一キロが、先月迄と比べて0円も値上がりしていたこと。,False,,,,,
パパより先にママという言葉を子供が喋った,False,,,,,
高齢者になり、いろいろな事がテキパキとできなくなってきた。,False,,,,,
つい強く言い過ぎて相手を傷つけてしまったこと。,False,,,,,
魚があまり釣れなかった,False,,,,,
仕事がうまくいかなかったとき,False,,,,,
子供が泣いているところをみた,False,,,,,
家庭菜園で育てていたイチゴが、朝起きるの赤い実がなくなっていた。ネットが開いていた。まさか取られた?,False,,,,,
パート採用がうまくいかない,True,,1.0,,,WEAK
仲良かった職場の方が辞めてしまって悲しかった。,True,1.0,,,,WEAK
お気に入りのtシャツが洗濯で色落ちした,False,,,,,
観光地でもある石川県に地震が起こってしまったこと,False,,,,,
dvd返却を忘れ、延滞料金が発生した事,False,,,,,
友人のご主人が進行したガンになったと聞いた事,False,,,,,
お金がなくて病院代を支払うことができなかったこと,False,,,,,
母親が高齢で持病などがありいつ死んでもおかしくないと言われている。母の事を思うととても悲しい,False,,,,,
彼女からの連絡がないこと,True,1.0,,,,WEAK
腰痛で医者から趣味のゴルフを禁止された事,False,,,,,
欲しい商品が売り切れていた。,False,,,,,
実母の病気に関する事で施設から電話があった,False,,,,,
お世話になった方が亡くなった,True,1.0,,,,WEAK
親しい人をがっかりさせてしまった,False,,,,,
車を運転中、横断歩道を渡ろうと待っている人がいたので、停止して渡るのを待っていたが、対向車が止まらず何台も通過していった。,False,,,,,
西武ライオンズが最近あまり勝てていないこと,False,,,,,
リストラにあって無職なのが悲しい。,True,,1.0,,,WEAK
高校時代の同級生が、がんになった,False,,,,,
義父の家で飼っている猫に嫌われたこと。,True,1.0,,,,WEAK
ご飯が炊けたと思ったら、電源を入れてなかった。,False,,,,,
東日本大震災の跡地を訪れた。0年たつてもまだまだ復興の途中だお感じた,False,,,,,
応援してる芸能人が誹謗中傷を受けていた,False,,,,,
知り合いが急に亡くなった。,True,1.0,,,,WEAK
虫歯が見つかったこと。,False,,,,,
特売品が売り切れていた,False,,,,,
ポイントカードなくした,False,,,,,
イギリスの戴冠式でダイアナ妃のことを思い出して悲しかった,True,1.0,,,,WEAK
久しぶりに会えた友人と、またしばらく会えないのが悲しい。,True,1.0,,,,WEAK
gwに仕事で遠出出来なかった。,False,,,,,
釣り竿がおれたので悲しい,False,,,,,
老人、老婆。子連れの男等からの付け回し行為,False,,,,,
親戚の方が亡くなったこと,True,1.0,,,,WEAK
父が亡くなり、ドラマで亡くなるシーンが出て来ると思い出して涙してしまう。,True,1.0,,,,STRONG
発売前から買おうと思っていたワンピースが売り切れていて買えず悲しかった。,False,,,,,
0才の我が猫が突然数日間癲癇発作を起こしたことが悲しいです。今は癲癇はしていないですが。,False,,,,,
息子が反抗的態度を取ったとき,False,,,,,
父親の体調が良くないためうまくコミュニケーションが取れないこと。,True,1.0,,,,WEAK
残業で点かれて帰ったら、ご飯は刺し身でいいよと言われた。ご飯さえ炊いていなかった。,True,1.0,,,,WEAK
育児で子どもが寝る時間が長い等でやりたいことが出来ていたけど、少しずつ出来なくなったことが悲しい,False,,,,,
新しい恋人ができたが、以前に付き合っていた恋人を思い出してしまい悲しくなるときがある。以前に付き合っていた人とは嫌いで別れたわけではないから。,True,1.0,,,,WEAK
ゴールデンウイーク中、実家に帰れると思っていたら風邪をひき大事を取って帰れなかったとき,False,,,,,
飼い猫(前の)が亡くなった時,True,1.0,,,,WEAK
健康診断の結果がよくなかった。,False,,,,,
朝起きたら寝違えていて、痛みで悲しくなった。,False,,,,,
発熱して受診できる病院を探すために何か所も電話をかけなくてはいけなかったとき、いくつかの病院にそっけない対応をされたこと。,True,,1.0,,,WEAK
後輩の親が亡くなられた。,True,1.0,,,,WEAK
面倒を見ていた部下が退職した時,True,1.0,,,,WEAK
飼っていた愛犬が亡くなりました,True,1.0,,,,WEAK
夫が私の体調不良を気遣ってくれなくて悲しい,True,1.0,,,,WEAK
マスクを外してレジャーを楽しんだら喉が痛くなった,False,,,,,
車のエアコンの修理に0万かかるとら言われた事,False,,,,,
職場で散々忠告してきたのにいまだに不手際が発生していることに悲しんでいる。,False,,,,,
大腸がんの手術を昨年五月に行いました。その後三か月ごとの検査で今のところは順調ですが常に不安です。,False,,,,,
0代の義理姉が横隔膜腫瘍が発覚。手術するも、転移が見つかり、抗がん剤治療開始で辛く悲しいです。,False,,,,,
マグカップを0年ぶりに割った。,False,,,,,
上司からの嫌がらせを人事部や部内の他の上席に訴えたが、証拠も用意していたのに何があったのかを聞いてもらえないまま部内異動で済ませて事実確認はほとんどしてくれなかったこと。,True,,1.0,,,WEAK
地震による被害を映像で見た,False,,,,,
釣りに行って大物が掛ったが針から外れて釣りあげられなかった。,False,,,,,
恩師が亡くなった。優しく見守ってくださっていたので、心に穴が空いたようで悲しい。,True,1.0,,,,WEAK
値引きされたはずの商品が、レジを通したときに値引きされず悲しかった。混んでたので、それも言えず。なおさら悲しかった。,False,,,,,
友人達と旅行に行ったが、持ち物やお小遣いの額が違い、暮らしぶりが全くちがい、悲しかった,True,,,1.0,,WEAK
可愛がってくれた叔母が亡くなった。,True,1.0,,,,WEAK
飼っていたモルモットが死んだ。,True,1.0,,,,WEAK
自分の周囲に置いておきたかった知人が離れていった時。仕方がなかったと言い聞かせてもやはり悲しい気持ちは消えなかった,True,1.0,,,,WEAK
家族が夕飯の買い物をしてきたのだが、自分の食事だけ見切り品だった。,False,,,,,
北陸の地震で被害が出ていること,False,,,,,
いつもウォーキングをしている途中で遭遇するペットが、最近元気のない事に心を痛めております。,False,,,,,
姉からlineをブロックされて一年経ちました。未だに解除してくれなくて悲しい,True,1.0,,,,WEAK
病院で働いているが、患者さんのドレーンが抜けてしまいインシデントが起こった。複数人が関与しているのに、私だけが取り沙汰されて注意を受けとてもつらくて悲しい,True,,1.0,,,WEAK
ロシアによるウクライナ侵攻から0年がたち、終わりのない出口をさまよう気持ちが心の片隅にい座っている。,False,,,,,
アイスを道路へ落としてしまいました。,False,,,,,
家族の機嫌が悪く会話が成り立たないことがあった。,False,,,,,
電気代が急に高くなりすぎて、生活費が圧迫されている。,False,,,,,
親しかった友人が病気になった,False,,,,,
久しぶりに買った菓子のサイズがすごく小さくなっていた,False,,,,,
ちょっとした不注意で、車を傷つけてしまい、自分の不注意による後悔、そして、できた車の傷とその修理代をみて悲しくなりました。,False,,,,,
ペットの熱帯魚が全部死んでしまったのでとても悲しい,True,1.0,,,,WEAK
0週間、目が見えなくなった。,False,,,,,
畳に、液体をこぼしてシミが付いてしまった。,False,,,,,
ネットで好きなアーティストのアンチを見て悲しかった,False,,,,,
0年ほど前に勤めていた会社で仲良くしていた同僚が冬休み明けに出社せず、連絡を取ったところ事故で亡くなっていたとき。,True,1.0,,,,WEAK
愛用していた時計が壊れた。,False,,,,,
身近で尊敬できる人が亡くなって悲しい。,True,1.0,,,,WEAK
地元の同級生と訣別したこと,True,1.0,,,,WEAK
現在、フリマサイト等で、要らなくなった物等を出品しているのですが、ここ0ヶ月位、商品が全く売れず悲しいです。,False,,,,,
協力者だと思ってた同僚が新人さんの味方ばかりしていた,True,1.0,,,,WEAK
父が手続きやお金に関することに非常に適当で理解してくれず、衝突した,False,,,,,
0年もの長きにわたって親しくしていた友人が亡くなった,True,1.0,,,,WEAK
gw中に帰省していた弟が、東京に戻った。,True,1.0,,,,WEAK
日々、悲しい事が多い。世の中、理不尽な事ばかりで,False,,,,,
病気がなかなか治らない,False,,,,,
一生懸命したはずの説明が理解されていなくて悲しい,True,,1.0,,,WEAK
知人が亡くなり悲しかった。,True,1.0,,,,WEAK
自分の仕事で顧客に十分なアフターフォローが出来なかったこと,False,,,,,
父の病気が悪化したこと。,False,,,,,
馴れ親しんだ長く住んだ土地から引っ越すことになりそう,False,,,,,
同僚が癌で亡くなってしまい悲しかったです。,True,1.0,,,,WEAK
母を特別養護老人ホームに入所させたとき,False,,,,,
気になってた異性が仕事をやめてしまった。,True,1.0,,,,WEAK
毒虫に刺されて腕が腫れた。,False,,,,,
父親ががんかもしれないと知ったとき,False,,,,,
私は家でハムスターを飼っているのですが、そのハムスターが突然瞼が荒れ、右横腹は毛が抜け爛れ、右手右足は痛々しい程に紅くなっており、可愛そうな程にやせ細っていました。ずっと可愛がっていただけに、とても辛そうで、悲しくなりました。しかし、動物病院に連れて行ったところ、なんとウッドチップ(床材)アレルギーだった事が判明しました。直ちに床材を排除し、代わりに床材をキッチンペーパーで代用してました。ハムスターを抱っこして薬を呑ませてやると、翌日には瞼は元通りになり、お腹も手足も嘘のように治りました。今では元のふっくらした姿に戻って一安心ですが、もう二度とあんな悲しい思いはしたくありません。,False,,,,,
会社の会長が亡くなった,True,1.0,,,,WEAK
子どもに、反抗的な言葉を言われて悲しかった。,False,,,,,
入れたばかりのお茶を誤って捨てた!,False,,,,,
これから 一緒に色々な所へ行ったり、食べに行ったりできると思っていたところ、思いもしない病気で救急入院で、亡くなってしまった主人が、かわいそうで、心にぽっかり穴が開いた状態で、これがうつ状態なのかなと思ってしまう。,True,1.0,,,,STRONG
雨の日に滑って膝を擦りむいて凄く悲しい。,False,,,,,
孫と遊んだ後のさよならの時,True,1.0,,,,WEAK
私には現在0人の子供がおりますが、0年程前に双子が授かったのですが母胎が危ない状態になり医師から早めに諦めるように説得されおろすことなった事が人生で0番悲しく辛いく子供たちに申し訳ないという気持ちと私が死ぬまで忘れないでいることです。,True,1.0,,,,WEAK
0年交通事故にあった事や怪我をした事です。,False,,,,,
最近、昔からの友人が亡くなった。次は自分かと思うと悲しくなる。,True,,,1.0,,WEAK
定年退職された元同僚が0月と0月に相次いで亡くなられた,True,1.0,,,,WEAK
飼ってたペットが亡くなった,True,1.0,,,,WEAK
マンションの上層階に住む住人がベランダから腕を出して雑巾を絞っていた。ウチのベランダに汚水が滴り、怒りもあったが、どんな感覚でやってるんだろう?と思うと悲しくなった。,False,,,,,
応援しているサッカーチームが負け続けている。,False,,,,,
こどもが本命の大学に落ちてしまったこと,False,,,,,
親戚の叔父さん叔母さんが相次いで亡くなった,True,1.0,,,,WEAK
預かっていたネコどのお別れ,True,1.0,,,,WEAK
義理の祖父が亡くなった事,True,1.0,,,,WEAK
バイトの面接を受けて不採用だったこと,True,,1.0,,,WEAK
gwさいしゅに雨が降り、悲しい。,False,,,,,
韓国アイドルの自殺のニュースを見た。,True,1.0,,,,WEAK
gw中に石川県で大きい地震が起きたこと,False,,,,,
長年愛用していた時計が壊れてしまって、悲しい思いをした。,False,,,,,
可愛いペットが亡くなったとき,True,1.0,,,,WEAK
スポーツ少年団で教え子が辞めてしまった,False,,,,,
長い期間やり続けてたゲームが終わったこと,False,,,,,
緊急病院に行ったら診察料めちゃ高かった,False,,,,,
息子に約束を破られた。,True,1.0,,,,WEAK
長年(0年)使っていたオーブンレンジが壊れてしまったこと。,False,,,,,
映画やドラマを見ていて、話の筋を負うのが難しくなってきた,False,,,,,
恋愛でなかなか上手くいかず悲しかった。,True,1.0,,,,WEAK
ステージ0の肺がんで自宅療養していた父が亡くなりました。存命中は会うと喧嘩ばかりだったので、もっと出来たことがあったのではないかと悲しい気持ちになります。,True,1.0,,,,WEAK
ちょうど去年の今頃飼っていた愛猫が亡くなったので、0周年ということもあり、元気だった頃に撮っていた動画を観ていたら悲しい気持ちになった。,True,1.0,,,,WEAK
大事にしてたものを落として壊した,False,,,,,
がんばって仕事をしても評価されなくて悲しい,True,,,1.0,,WEAK
欲しいものが売り切れだった,False,,,,,
うつ状態になってしまったこと,False,,,,,
パソコンの周辺機器のプリンターが故障していたこと。痛い出費になりそうでとても悲しい。,False,,,,,
ガソリン代の高騰(0ヶ月で0リットル当たり0円値上がりとはひどすぎる),False,,,,,
